-- Migration V15: Correction finale des données utilisateur et game
-- Date: 2025-08-01
-- Objectif: Avoir exactement 4 utilisateurs (Thibaut, Sarah, Teddy, Marcel) avec tous sauf Sarah dans une game

-- ÉTAPE 1: Nettoyer toutes les données existantes pour recommencer proprement
TRUNCATE TABLE game_participant_players CASCADE;
TRUNCATE TABLE draft_picks CASCADE;
TRUNCATE TABLE draft_orders CASCADE;
TRUNCATE TABLE drafts CASCADE;
TRUNCATE TABLE game_participants CASCADE;
TRUNCATE TABLE game_region_rules CASCADE;
TRUNCATE TABLE games CASCADE;
TRUNCATE TABLE team_players CASCADE;
TRUNCATE TABLE teams CASCADE;
TRUNCATE TABLE users CASCADE;
TRUNCATE TABLE players CASCADE;

-- ÉTAPE 2: Créer les 4 utilisateurs avec des IDs fixes et cohérents
INSERT INTO users (id, username, email, password, role, current_season, created_at, updated_at) VALUES
('11111111-1111-1111-1111-111111111111', 'Thibaut', 'thibaut@test.com', '$2a$10$defaultpasswordhashfordev', 'PARTICIPANT', 1, CURRENT_TIMESTAMP, CURRENT_TIMESTAMP),
('22222222-2222-2222-2222-222222222222', 'Sarah', 'sarah@test.com', '$2a$10$defaultpasswordhashfordev', 'PARTICIPANT', 1, CURRENT_TIMESTAMP, CURRENT_TIMESTAMP),
('33333333-3333-3333-3333-333333333333', 'Teddy', 'teddy@test.com', '$2a$10$defaultpasswordhashfordev', 'PARTICIPANT', 1, CURRENT_TIMESTAMP, CURRENT_TIMESTAMP),
('44444444-4444-4444-4444-444444444444', 'Marcel', 'marcel@test.com', '$2a$10$defaultpasswordhashfordev', 'PARTICIPANT', 1, CURRENT_TIMESTAMP, CURRENT_TIMESTAMP);

-- ÉTAPE 3: Créer les équipes pour les 3 utilisateurs actifs (Sarah n'a pas d'équipe)
INSERT INTO teams (id, name, owner_id, season, total_score, created_at, updated_at) VALUES
('aaaaaaaa-aaaa-aaaa-aaaa-aaaaaaaaaaaa', 'Équipe Thibaut', '11111111-1111-1111-1111-111111111111', 2025, 0, CURRENT_TIMESTAMP, CURRENT_TIMESTAMP),
('bbbbbbbb-bbbb-bbbb-bbbb-bbbbbbbbbbbb', 'Équipe Teddy', '33333333-3333-3333-3333-333333333333', 2025, 0, CURRENT_TIMESTAMP, CURRENT_TIMESTAMP),
('cccccccc-cccc-cccc-cccc-cccccccccccc', 'Équipe Marcel', '44444444-4444-4444-4444-444444444444', 2025, 0, CURRENT_TIMESTAMP, CURRENT_TIMESTAMP);

-- ÉTAPE 4: Créer exactement les 147 joueurs du CSV avec les bons pronostiqueurs
-- Marcel (49 joueurs du CSV)
INSERT INTO players (id, fortnite_id, username, nickname, region, tranche, current_season, created_at, updated_at) VALUES
('m0000001-0000-0000-0000-000000000001', 'pixie_id', 'pixie', 'pixie', 'EU', '26-30', 1, CURRENT_TIMESTAMP, CURRENT_TIMESTAMP),
('m0000002-0000-0000-0000-000000000002', 'muz_id', 'Muz', 'Muz', 'NAC', '16-20', 1, CURRENT_TIMESTAMP, CURRENT_TIMESTAMP),
('m0000003-0000-0000-0000-000000000003', 'white_id', 'White', 'White', 'BR', 'NEW', 1, CURRENT_TIMESTAMP, CURRENT_TIMESTAMP),
('m0000004-0000-0000-0000-000000000004', '5aald_id', '5aald', '5aald', 'ME', '1-5', 1, CURRENT_TIMESTAMP, CURRENT_TIMESTAMP),
('m0000005-0000-0000-0000-000000000005', 'nuti_id', 'Nuti', 'Nuti', 'BR', '6-10', 1, CURRENT_TIMESTAMP, CURRENT_TIMESTAMP),
('m0000006-0000-0000-0000-000000000006', 'sphinx_id', 'Sphinx', 'Sphinx', 'NAC', '11-15', 1, CURRENT_TIMESTAMP, CURRENT_TIMESTAMP),
('m0000007-0000-0000-0000-000000000007', 'scarpa_id', 'Scarpa', 'Scarpa', 'BR', '21-25', 1, CURRENT_TIMESTAMP, CURRENT_TIMESTAMP),
('m0000008-0000-0000-0000-000000000008', 'meah_id', 'Meah', 'Meah', 'ASIA', '21-25', 1, CURRENT_TIMESTAMP, CURRENT_TIMESTAMP),
('m0000009-0000-0000-0000-000000000009', 'mannii14_id', 'mannii14', 'mannii14', 'NAW', '1-5', 1, CURRENT_TIMESTAMP, CURRENT_TIMESTAMP),
('m0000010-0000-0000-0000-000000000010', 'aspect_id', 'Aspect', 'Aspect', 'OCE', '1-5', 1, CURRENT_TIMESTAMP, CURRENT_TIMESTAMP),
('m0000011-0000-0000-0000-000000000011', 'gazer_id', 'Gazer', 'Gazer', 'OCE', '21-25', 1, CURRENT_TIMESTAMP, CURRENT_TIMESTAMP),
('m0000012-0000-0000-0000-000000000012', 'razeru_id', 'らぜる', 'らぜる', 'ASIA', '16-20', 1, CURRENT_TIMESTAMP, CURRENT_TIMESTAMP),
('m0000013-0000-0000-0000-000000000013', 'acorn_id', 'Acorn', 'Acorn', 'NAC', '1-5', 1, CURRENT_TIMESTAMP, CURRENT_TIMESTAMP),
('m0000014-0000-0000-0000-000000000014', 'edge_id', 'EDGE ライトセーバー', 'EDGE ライトセーバー', 'ASIA', '6-10', 1, CURRENT_TIMESTAMP, CURRENT_TIMESTAMP),
('m0000015-0000-0000-0000-000000000015', 'swizzy_id', 'SwizzY', 'SwizzY', 'EU', '6-10', 1, CURRENT_TIMESTAMP, CURRENT_TIMESTAMP),
('m0000016-0000-0000-0000-000000000016', 'hris_id', 'Hris', 'Hris', 'EU', '21-25', 1, CURRENT_TIMESTAMP, CURRENT_TIMESTAMP),
('m0000017-0000-0000-0000-000000000017', 'stryker_id', 'Stryker', 'Stryker', 'BR', '1-5', 1, CURRENT_TIMESTAMP, CURRENT_TIMESTAMP),
('m0000018-0000-0000-0000-000000000018', 'wqzzi_id', 'Wqzzi', 'Wqzzi', 'ME', '26-30', 1, CURRENT_TIMESTAMP, CURRENT_TIMESTAMP),
('m0000019-0000-0000-0000-000000000019', 'rainy_id', 'Rainy', 'Rainy', 'ASIA', '11-15', 1, CURRENT_TIMESTAMP, CURRENT_TIMESTAMP),
('m0000020-0000-0000-0000-000000000020', 'cadu_id', 'Cadu', 'Cadu', 'BR', '31-infini', 1, CURRENT_TIMESTAMP, CURRENT_TIMESTAMP),
('m0000021-0000-0000-0000-000000000021', 'reet_id', 'Reet', 'Reet', 'NAC', 'NEW', 1, CURRENT_TIMESTAMP, CURRENT_TIMESTAMP),
('m0000022-0000-0000-0000-000000000022', 'mansour_id', 'Mansour', 'Mansour', 'ME', '11-15', 1, CURRENT_TIMESTAMP, CURRENT_TIMESTAMP),
('m0000023-0000-0000-0000-000000000023', 'tjino1_id', 'tjino 1', 'tjino 1', 'EU', '31-infini', 1, CURRENT_TIMESTAMP, CURRENT_TIMESTAMP),
('m0000024-0000-0000-0000-000000000024', 'chap_id', 'Chap', 'Chap', 'EU', '1-5', 1, CURRENT_TIMESTAMP, CURRENT_TIMESTAMP),
('m0000025-0000-0000-0000-000000000025', 'arrow_id', 'Arrow', 'Arrow', 'ME', '6-10', 1, CURRENT_TIMESTAMP, CURRENT_TIMESTAMP),
('m0000026-0000-0000-0000-000000000026', 'nebs_id', 'Nebs', 'Nebs', 'EU', '11-15', 1, CURRENT_TIMESTAMP, CURRENT_TIMESTAMP),
('m0000027-0000-0000-0000-000000000027', 'tisco_id', 'Tisco', 'Tisco', 'BR', '26-30', 1, CURRENT_TIMESTAMP, CURRENT_TIMESTAMP),
('m0000028-0000-0000-0000-000000000028', 'fisher_id', 'Fisher', 'Fisher', 'OCE', '11-15', 1, CURRENT_TIMESTAMP, CURRENT_TIMESTAMP),
('m0000029-0000-0000-0000-000000000029', 'antonio_id', 'Antonio', 'Antonio', 'NAW', '26-30', 1, CURRENT_TIMESTAMP, CURRENT_TIMESTAMP),
('m0000030-0000-0000-0000-000000000030', 'qndx_id', 'QnDx', 'QnDx', 'ME', '31-infini', 1, CURRENT_TIMESTAMP, CURRENT_TIMESTAMP),
('m0000031-0000-0000-0000-000000000031', 'tame_id', 'Tame', 'Tame', 'OCE', 'NEW', 1, CURRENT_TIMESTAMP, CURRENT_TIMESTAMP),
('m0000032-0000-0000-0000-000000000032', 'spoctic_id', 'Spoctic', 'Spoctic', 'OCE', '26-30', 1, CURRENT_TIMESTAMP, CURRENT_TIMESTAMP),
('m0000033-0000-0000-0000-000000000033', 'spy_id', 'Spy', 'Spy', 'ME', '16-20', 1, CURRENT_TIMESTAMP, CURRENT_TIMESTAMP),
('m0000034-0000-0000-0000-000000000034', 'skqttles_id', 'skqttles', 'skqttles', 'NAC', 'NEW', 1, CURRENT_TIMESTAMP, CURRENT_TIMESTAMP),
('m0000035-0000-0000-0000-000000000035', 'massimo_id', 'Massimo', 'Massimo', 'OCE', '6-10', 1, CURRENT_TIMESTAMP, CURRENT_TIMESTAMP),
('m0000036-0000-0000-0000-000000000036', 'fahad_id', 'Fahad', 'Fahad', 'ME', 'NEW', 1, CURRENT_TIMESTAMP, CURRENT_TIMESTAMP),
('m0000037-0000-0000-0000-000000000037', 'pinq_id', 'Pinq', 'Pinq', 'EU', 'NEW', 1, CURRENT_TIMESTAMP, CURRENT_TIMESTAMP),
('m0000038-0000-0000-0000-000000000038', 'thefeloz_id', 'TheFeloz Balboa', 'TheFeloz Balboa', 'BR', 'NEW', 1, CURRENT_TIMESTAMP, CURRENT_TIMESTAMP),
('m0000039-0000-0000-0000-000000000039', 'kametin_id', 'かめてぃん.魔女', 'かめてぃん.魔女', 'ASIA', 'NEW', 1, CURRENT_TIMESTAMP, CURRENT_TIMESTAMP),
('m0000040-0000-0000-0000-000000000040', 'phazma_id', 'Phazma', 'Phazma', 'OCE', '31-infini', 1, CURRENT_TIMESTAMP, CURRENT_TIMESTAMP),
('m0000041-0000-0000-0000-000000000041', 'xenonfv_id', 'xenonfv', 'xenonfv', 'NAW', '31-infini', 1, CURRENT_TIMESTAMP, CURRENT_TIMESTAMP),
('m0000042-0000-0000-0000-000000000042', 'alex_id', 'Alex', 'Alex', 'NAW', '16-20', 1, CURRENT_TIMESTAMP, CURRENT_TIMESTAMP),
('m0000043-0000-0000-0000-000000000043', 'fnoclukz_id', 'fno clukzǃ', 'fno clukzǃ', 'NAW', '6-10', 1, CURRENT_TIMESTAMP, CURRENT_TIMESTAMP),
('m0000044-0000-0000-0000-000000000044', 'flinty_id', 'flinty', 'flinty', 'NAW', '11-15', 1, CURRENT_TIMESTAMP, CURRENT_TIMESTAMP),
('m0000045-0000-0000-0000-000000000045', 'hststella_id', 'HST stella', 'HST stella', 'ASIA', 'NEW', 1, CURRENT_TIMESTAMP, CURRENT_TIMESTAMP),
('m0000046-0000-0000-0000-000000000046', 'avivv_id', 'Avivv', 'Avivv', 'NAC', '6-10', 1, CURRENT_TIMESTAMP, CURRENT_TIMESTAMP),
('m0000047-0000-0000-0000-000000000047', 'remi_id', 'remiǃ', 'remiǃ', 'NAW', '21-25', 1, CURRENT_TIMESTAMP, CURRENT_TIMESTAMP),
('m0000048-0000-0000-0000-000000000048', 'mason_id', 'Mason', 'Mason', 'NAC', '31-infini', 1, CURRENT_TIMESTAMP, CURRENT_TIMESTAMP),
('m0000049-0000-0000-0000-000000000049', 'mxrxk_id', 'mxrxk', 'mxrxk', 'ASIA', 'NEW', 1, CURRENT_TIMESTAMP, CURRENT_TIMESTAMP);

-- Teddy (49 joueurs du CSV)
INSERT INTO players (id, fortnite_id, username, nickname, region, tranche, current_season, created_at, updated_at) VALUES
('t0000001-0000-0000-0000-000000000001', 'peterbot_id', 'Peterbot', 'Peterbot', 'NAC', '31-infini', 1, CURRENT_TIMESTAMP, CURRENT_TIMESTAMP),
('t0000002-0000-0000-0000-000000000002', 'fuukun_id', 'ふーくん', 'ふーくん', 'ASIA', '1-5', 1, CURRENT_TIMESTAMP, CURRENT_TIMESTAMP),
('t0000003-0000-0000-0000-000000000003', 'oatley_id', 'Oatley', 'Oatley', 'OCE', '31-infini', 1, CURRENT_TIMESTAMP, CURRENT_TIMESTAMP),
('t0000004-0000-0000-0000-000000000004', 'pxmp_id', 'PXMP', 'PXMP', 'NAW', '11-15', 1, CURRENT_TIMESTAMP, CURRENT_TIMESTAMP),
('t0000005-0000-0000-0000-000000000005', 'eomzo_id', 'Eomzo', 'Eomzo', 'NAC', '21-25', 1, CURRENT_TIMESTAMP, CURRENT_TIMESTAMP),
('t0000006-0000-0000-0000-000000000006', 'koyota_id', 'Koyota', 'Koyota', 'ASIA', '31-infini', 1, CURRENT_TIMESTAMP, CURRENT_TIMESTAMP),
('t0000007-0000-0000-0000-000000000007', 'wreckless_id', 'Wreckless', 'Wreckless', 'OCE', '16-20', 1, CURRENT_TIMESTAMP, CURRENT_TIMESTAMP),
('t0000008-0000-0000-0000-000000000008', 'king_id', 'KING', 'KING', 'BR', '31-infini', 1, CURRENT_TIMESTAMP, CURRENT_TIMESTAMP),
('t0000009-0000-0000-0000-000000000009', 'parz_id', 'Parz', 'Parz', 'NAW', '6-10', 1, CURRENT_TIMESTAMP, CURRENT_TIMESTAMP),
('t0000010-0000-0000-0000-000000000010', 'kchorro_id', 'Kchorro', 'Kchorro', 'BR', '11-15', 1, CURRENT_TIMESTAMP, CURRENT_TIMESTAMP),
('t0000011-0000-0000-0000-000000000011', 'higgs_id', 'Higgs', 'Higgs', 'NAC', '11-15', 1, CURRENT_TIMESTAMP, CURRENT_TIMESTAMP),
('t0000012-0000-0000-0000-000000000012', 'vic0_id', 'Vic0', 'Vic0', 'EU', '1-5', 1, CURRENT_TIMESTAMP, CURRENT_TIMESTAMP),
('t0000013-0000-0000-0000-000000000013', 'sxhool_id', 'Sxhool', 'Sxhool', 'NAW', '1-5', 1, CURRENT_TIMESTAMP, CURRENT_TIMESTAMP),
('t0000014-0000-0000-0000-000000000014', 'clix_id', 'Clix', 'Clix', 'NAC', '6-10', 1, CURRENT_TIMESTAMP, CURRENT_TIMESTAMP),
('t0000015-0000-0000-0000-000000000015', 'bacca_id', 'Bacca', 'Bacca', 'NAW', '26-30', 1, CURRENT_TIMESTAMP, CURRENT_TIMESTAMP),
('t0000016-0000-0000-0000-000000000016', 'minipiyo_id', 'Minipiyo', 'Minipiyo', 'ASIA', '26-30', 1, CURRENT_TIMESTAMP, CURRENT_TIMESTAMP),
('t0000017-0000-0000-0000-000000000017', 'bysalva_id', 'BySaLva', 'BySaLva', 'ME', '6-10', 1, CURRENT_TIMESTAMP, CURRENT_TIMESTAMP),
('t0000018-0000-0000-0000-000000000018', 'kalgamer_id', 'Kalgamer', 'Kalgamer', 'ME', '21-25', 1, CURRENT_TIMESTAMP, CURRENT_TIMESTAMP),
('t0000019-0000-0000-0000-000000000019', 'tinka_id', 'Tinka', 'Tinka', 'OCE', '21-25', 1, CURRENT_TIMESTAMP, CURRENT_TIMESTAMP),
('t0000020-0000-0000-0000-000000000020', 'kami_id', 'Kami', 'Kami', 'EU', '26-30', 1, CURRENT_TIMESTAMP, CURRENT_TIMESTAMP),
('t0000021-0000-0000-0000-000000000021', 'fredoxie_id', 'Fredoxie', 'Fredoxie', 'EU', '16-20', 1, CURRENT_TIMESTAMP, CURRENT_TIMESTAMP),
('t0000022-0000-0000-0000-000000000022', 'night_id', 'Night', 'Night', 'BR', '6-10', 1, CURRENT_TIMESTAMP, CURRENT_TIMESTAMP),
('t0000023-0000-0000-0000-000000000023', 'thorik_id', 'THORIK', 'THORIK', 'NAW', '16-20', 1, CURRENT_TIMESTAMP, CURRENT_TIMESTAMP),
('t0000024-0000-0000-0000-000000000024', 'pollo_id', 'Pollo', 'Pollo', 'NAC', '1-5', 1, CURRENT_TIMESTAMP, CURRENT_TIMESTAMP),
('t0000025-0000-0000-0000-000000000025', 'wox_id', 'Wox', 'Wox', 'EU', '11-15', 1, CURRENT_TIMESTAMP, CURRENT_TIMESTAMP),
('t0000026-0000-0000-0000-000000000026', 'khanada_id', 'Khanada', 'Khanada', 'NAC', '26-30', 1, CURRENT_TIMESTAMP, CURRENT_TIMESTAMP),
('t0000027-0000-0000-0000-000000000027', 'deymo_id', 'Deymoǃ', 'Deymoǃ', 'OCE', '1-5', 1, CURRENT_TIMESTAMP, CURRENT_TIMESTAMP),
('t0000028-0000-0000-0000-000000000028', 'setty_id', 'Setty', 'Setty', 'EU', '6-10', 1, CURRENT_TIMESTAMP, CURRENT_TIMESTAMP),
('t0000029-0000-0000-0000-000000000029', 'sanjog_id', 'Sanjog', 'Sanjog', 'OCE', '6-10', 1, CURRENT_TIMESTAMP, CURRENT_TIMESTAMP),
('t0000030-0000-0000-0000-000000000030', 'epikwhale_id', 'EpikWhale', 'EpikWhale', 'NAW', '31-infini', 1, CURRENT_TIMESTAMP, CURRENT_TIMESTAMP),
('t0000031-0000-0000-0000-000000000031', 'ajerss_id', 'Ajerss', 'Ajerss', 'NAC', '16-20', 1, CURRENT_TIMESTAMP, CURRENT_TIMESTAMP),
('t0000032-0000-0000-0000-000000000032', 'vortexm_id', 'VortexM', 'VortexM', 'OCE', '26-30', 1, CURRENT_TIMESTAMP, CURRENT_TIMESTAMP),
('t0000033-0000-0000-0000-000000000033', 'fhd_id', 'FHD', 'FHD', 'ME', '26-30', 1, CURRENT_TIMESTAMP, CURRENT_TIMESTAMP),
('t0000034-0000-0000-0000-000000000034', 'phzin_id', 'Phzin', 'Phzin', 'BR', '21-25', 1, CURRENT_TIMESTAMP, CURRENT_TIMESTAMP),
('t0000035-0000-0000-0000-000000000035', 'th0mashd_id', 'Th0masHD', 'Th0masHD', 'EU', '31-infini', 1, CURRENT_TIMESTAMP, CURRENT_TIMESTAMP),
('t0000036-0000-0000-0000-000000000036', 'xmipoli_id', 'XMipoli', 'XMipoli', 'ASIA', '6-10', 1, CURRENT_TIMESTAMP, CURRENT_TIMESTAMP),
('t0000037-0000-0000-0000-000000000037', 'thiagin_id', 'Thiagin', 'Thiagin', 'BR', '1-5', 1, CURRENT_TIMESTAMP, CURRENT_TIMESTAMP),
('t0000038-0000-0000-0000-000000000038', 'protoon_id', 'Protoon', 'Protoon', 'OCE', '11-15', 1, CURRENT_TIMESTAMP, CURRENT_TIMESTAMP),
('t0000039-0000-0000-0000-000000000039', 'snowy_id', 'Snowy', 'Snowy', 'ME', '11-15', 1, CURRENT_TIMESTAMP, CURRENT_TIMESTAMP),
('t0000040-0000-0000-0000-000000000040', 'trulex_id', 'TruleX', 'TruleX', 'EU', '21-25', 1, CURRENT_TIMESTAMP, CURRENT_TIMESTAMP),
('t0000041-0000-0000-0000-000000000041', 'hajuu_id', 'Hajuu', 'Hajuu', 'NAW', '21-25', 1, CURRENT_TIMESTAMP, CURRENT_TIMESTAMP),
('t0000042-0000-0000-0000-000000000042', 'tecne_id', 'Tecne', 'Tecne', 'BR', '16-20', 1, CURRENT_TIMESTAMP, CURRENT_TIMESTAMP),
('t0000043-0000-0000-0000-000000000043', 'escdark_id', 'Escdark', 'Escdark', 'ME', '1-5', 1, CURRENT_TIMESTAMP, CURRENT_TIMESTAMP),
('t0000044-0000-0000-0000-000000000044', 'p5ek_id', 'P5EK', 'P5EK', 'ME', '31-infini', 1, CURRENT_TIMESTAMP, CURRENT_TIMESTAMP),
('t0000045-0000-0000-0000-000000000045', 'kbr_id', 'KBR', 'KBR', 'BR', '26-30', 1, CURRENT_TIMESTAMP, CURRENT_TIMESTAMP),
('t0000046-0000-0000-0000-000000000046', 'zerokun_id', 'Zerokun', 'Zerokun', 'ASIA', '21-25', 1, CURRENT_TIMESTAMP, CURRENT_TIMESTAMP),
('t0000047-0000-0000-0000-000000000047', 'peterbot33_id', 'Peterbotǃ 33', 'Peterbotǃ 33', 'ASIA', '11-15', 1, CURRENT_TIMESTAMP, CURRENT_TIMESTAMP),
('t0000048-0000-0000-0000-000000000048', '7man_id', '7man', '7man', 'ME', '16-20', 1, CURRENT_TIMESTAMP, CURRENT_TIMESTAMP),
('t0000049-0000-0000-0000-000000000049', 'pepoclip_id', 'Pepoclip', 'Pepoclip', 'ASIA', '16-20', 1, CURRENT_TIMESTAMP, CURRENT_TIMESTAMP);

-- Thibaut (49 joueurs du CSV)
INSERT INTO players (id, fortnite_id, username, nickname, region, tranche, current_season, created_at, updated_at) VALUES
('h0000001-0000-0000-0000-000000000001', 'fks_id', 'FKS', 'FKS', 'ME', '1-5', 1, CURRENT_TIMESTAMP, CURRENT_TIMESTAMP),
('h0000002-0000-0000-0000-000000000002', 'mariuscow_id', 'MariusCOW', 'MariusCOW', 'EU', '16-20', 1, CURRENT_TIMESTAMP, CURRENT_TIMESTAMP),
('h0000003-0000-0000-0000-000000000003', 'salko_id', 'Salko', 'Salko', 'NAW', '16-20', 1, CURRENT_TIMESTAMP, CURRENT_TIMESTAMP),
('h0000004-0000-0000-0000-000000000004', 'rew_id', 'Rew', 'Rew', 'ME', '21-25', 1, CURRENT_TIMESTAMP, CURRENT_TIMESTAMP),
('h0000005-0000-0000-0000-000000000005', 'hero_id', 'Hero', 'Hero', 'ME', '11-15', 1, CURRENT_TIMESTAMP, CURRENT_TIMESTAMP),
('h0000006-0000-0000-0000-000000000006', 'rapid_id', 'Rapid', 'Rapid', 'NAC', '11-15', 1, CURRENT_TIMESTAMP, CURRENT_TIMESTAMP),
('h0000007-0000-0000-0000-000000000007', 'flickzy_id', 'Flickzy', 'Flickzy', 'EU', '1-5', 1, CURRENT_TIMESTAMP, CURRENT_TIMESTAMP),
('h0000008-0000-0000-0000-000000000008', 'yuma_id', 'yuma', 'yuma', 'ASIA', '1-5', 1, CURRENT_TIMESTAMP, CURRENT_TIMESTAMP),
('h0000009-0000-0000-0000-000000000009', 'alex2_id', 'alex', 'alex', 'OCE', '11-15', 1, CURRENT_TIMESTAMP, CURRENT_TIMESTAMP),
('h0000010-0000-0000-0000-000000000010', 'malibuca_id', 'Malibuca', 'Malibuca', 'EU', '31-infini', 1, CURRENT_TIMESTAMP, CURRENT_TIMESTAMP),
('h0000011-0000-0000-0000-000000000011', 'anon_id', 'Anon', 'Anon', 'OCE', '21-25', 1, CURRENT_TIMESTAMP, CURRENT_TIMESTAMP),
('h0000012-0000-0000-0000-000000000012', 'veno_id', 'Veno', 'Veno', 'EU', '26-30', 1, CURRENT_TIMESTAMP, CURRENT_TIMESTAMP),
('h0000013-0000-0000-0000-000000000013', 'cazi_id', 'Cazi', 'Cazi', 'OCE', '26-30', 1, CURRENT_TIMESTAMP, CURRENT_TIMESTAMP),
('h0000014-0000-0000-0000-000000000014', 'charyy_id', 'charyy', 'charyy', 'EU', '6-10', 1, CURRENT_TIMESTAMP, CURRENT_TIMESTAMP),
('h0000015-0000-0000-0000-000000000015', 'ritual_id', 'ritual', 'ritual', 'NAC', '1-5', 1, CURRENT_TIMESTAMP, CURRENT_TIMESTAMP),
('h0000016-0000-0000-0000-000000000016', 'resignz_id', 'Resignz', 'Resignz', 'OCE', '1-5', 1, CURRENT_TIMESTAMP, CURRENT_TIMESTAMP),
('h0000017-0000-0000-0000-000000000017', 'threats_id', 'Threats', 'Threats', 'NAC', '16-20', 1, CURRENT_TIMESTAMP, CURRENT_TIMESTAMP),
('h0000018-0000-0000-0000-000000000018', 'e36stain_id', 'E36 Stainだゾ', 'E36 Stainだゾ', 'ASIA', '26-30', 1, CURRENT_TIMESTAMP, CURRENT_TIMESTAMP),
('h0000019-0000-0000-0000-000000000019', 'spookz_id', 'Spookz', 'Spookz', 'OCE', 'NEW', 1, CURRENT_TIMESTAMP, CURRENT_TIMESTAMP),
('h0000020-0000-0000-0000-000000000020', 'scroll_id', 'Scroll', 'Scroll', 'EU', 'NEW', 1, CURRENT_TIMESTAMP, CURRENT_TIMESTAMP),
('h0000021-0000-0000-0000-000000000021', 'mukimuki_id', 'むきむきぱぱ', 'むきむきぱぱ', 'ASIA', '31-infini', 1, CURRENT_TIMESTAMP, CURRENT_TIMESTAMP),
('h0000022-0000-0000-0000-000000000022', 'boltz_id', 'boltz', 'boltz', 'NAC', '6-10', 1, CURRENT_TIMESTAMP, CURRENT_TIMESTAMP),
('h0000023-0000-0000-0000-000000000023', 'buyuriru_id', 'Buyuriru', 'Buyuriru', 'ASIA', '6-10', 1, CURRENT_TIMESTAMP, CURRENT_TIMESTAMP),
('h0000024-0000-0000-0000-000000000024', 'velo_id', 'velo', 'velo', 'NAW', '31-infini', 1, CURRENT_TIMESTAMP, CURRENT_TIMESTAMP),
('h0000025-0000-0000-0000-000000000025', 'p1ng_id', 'p1ng', 'p1ng', 'EU', '11-15', 1, CURRENT_TIMESTAMP, CURRENT_TIMESTAMP),
('h0000026-0000-0000-0000-000000000026', 'teddy_player_id', 'Teddy', 'Teddy', 'ASIA', '11-15', 1, CURRENT_TIMESTAMP, CURRENT_TIMESTAMP),
('h0000027-0000-0000-0000-000000000027', 'cold_id', 'Cold', 'Cold', 'NAC', '26-30', 1, CURRENT_TIMESTAMP, CURRENT_TIMESTAMP),
('h0000028-0000-0000-0000-000000000028', 'a1stmichael_id', 'A1st Michaelfvǃ', 'A1st Michaelfvǃ', 'ASIA', '21-25', 1, CURRENT_TIMESTAMP, CURRENT_TIMESTAMP),
('h0000029-0000-0000-0000-000000000029', 'mace_id', 'Mace', 'Mace', 'OCE', '6-10', 1, CURRENT_TIMESTAMP, CURRENT_TIMESTAMP),
('h0000030-0000-0000-0000-000000000030', 'nachiiri_id', 'Nachiiri', 'Nachiiri', 'ME', '31-infini', 1, CURRENT_TIMESTAMP, CURRENT_TIMESTAMP),
('h0000031-0000-0000-0000-000000000031', 'job_id', 'Job', 'Job', 'ASIA', '16-20', 1, CURRENT_TIMESTAMP, CURRENT_TIMESTAMP),
('h0000032-0000-0000-0000-000000000032', 'diguera_id', 'Diguera', 'Diguera', 'BR', '16-20', 1, CURRENT_TIMESTAMP, CURRENT_TIMESTAMP),
('h0000033-0000-0000-0000-000000000033', 'danath_id', 'Danath', 'Danath', 'OCE', '31-infini', 1, CURRENT_TIMESTAMP, CURRENT_TIMESTAMP),
('h0000034-0000-0000-0000-000000000034', 'twitchsource_id', 'twitch sourcefn7', 'twitch sourcefn7', 'NAW', '21-25', 1, CURRENT_TIMESTAMP, CURRENT_TIMESTAMP),
('h0000035-0000-0000-0000-000000000035', 'cyrzr_id', 'cyrzr', 'cyrzr', 'NAW', '6-10', 1, CURRENT_TIMESTAMP, CURRENT_TIMESTAMP),
('h0000036-0000-0000-0000-000000000036', 'bugha_id', 'Bugha', 'Bugha', 'NAC', '31-infini', 1, CURRENT_TIMESTAMP, CURRENT_TIMESTAMP),
('h0000037-0000-0000-0000-000000000037', 'adapter_id', 'Adapter', 'Adapter', 'ME', '26-30', 1, CURRENT_TIMESTAMP, CURRENT_TIMESTAMP),
('h0000038-0000-0000-0000-000000000038', 'vergo_id', 'Vergo', 'Vergo', 'NAC', 'NEW', 1, CURRENT_TIMESTAMP, CURRENT_TIMESTAMP),
('h0000039-0000-0000-0000-000000000039', 'fazer_id', 'Fazer', 'Fazer', 'BR', '1-5', 1, CURRENT_TIMESTAMP, CURRENT_TIMESTAMP),
('h0000040-0000-0000-0000-000000000040', 'hellon_id', 'Hellon', 'Hellon', 'ME', 'NEW', 1, CURRENT_TIMESTAMP, CURRENT_TIMESTAMP),
('h0000041-0000-0000-0000-000000000041', 'k1ng_id', 'K1nG', 'K1nG', 'BR', '21-25', 1, CURRENT_TIMESTAMP, CURRENT_TIMESTAMP),
('h0000042-0000-0000-0000-000000000042', 'minit_id', 'minit', 'minit', 'NAW', 'NEW', 1, CURRENT_TIMESTAMP, CURRENT_TIMESTAMP),
('h0000043-0000-0000-0000-000000000043', 'larccoz_id', 'larccoz', 'larccoz', 'NAW', 'NEW', 1, CURRENT_TIMESTAMP, CURRENT_TIMESTAMP),
('h0000044-0000-0000-0000-000000000044', 'puma_id', 'Puma', 'Puma', 'ME', '16-20', 1, CURRENT_TIMESTAMP, CURRENT_TIMESTAMP),
('h0000045-0000-0000-0000-000000000045', 'apdefiable_id', 'AP defiable', 'AP defiable', 'NAW', '26-30', 1, CURRENT_TIMESTAMP, CURRENT_TIMESTAMP),
('h0000046-0000-0000-0000-000000000046', '916gon_id', '916Gon', '916Gon', 'BR', '6-10', 1, CURRENT_TIMESTAMP, CURRENT_TIMESTAMP),
('h0000047-0000-0000-0000-000000000047', 'axadasz_id', 'Axadasz', 'Axadasz', 'BR', '11-15', 1, CURRENT_TIMESTAMP, CURRENT_TIMESTAMP),
('h0000048-0000-0000-0000-000000000048', 'edroadtoglory_id', 'EdRoadToGlory', 'EdRoadToGlory', 'BR', '31-infini', 1, CURRENT_TIMESTAMP, CURRENT_TIMESTAMP),
('h0000049-0000-0000-0000-000000000049', 'persa_id', 'Persa', 'Persa', 'BR', '26-30', 1, CURRENT_TIMESTAMP, CURRENT_TIMESTAMP);

-- ÉTAPE 5: Lier les joueurs aux équipes (team_players) selon les données du CSV
-- Marcel (49 joueurs)
INSERT INTO team_players (id, team_id, player_id, position, added_at) VALUES
('mp000001-0000-0000-0000-000000000001', 'cccccccc-cccc-cccc-cccc-cccccccccccc', 'm0000001-0000-0000-0000-000000000001', 1, CURRENT_TIMESTAMP),
('mp000002-0000-0000-0000-000000000002', 'cccccccc-cccc-cccc-cccc-cccccccccccc', 'm0000002-0000-0000-0000-000000000002', 2, CURRENT_TIMESTAMP),
('mp000003-0000-0000-0000-000000000003', 'cccccccc-cccc-cccc-cccc-cccccccccccc', 'm0000003-0000-0000-0000-000000000003', 3, CURRENT_TIMESTAMP),
('mp000004-0000-0000-0000-000000000004', 'cccccccc-cccc-cccc-cccc-cccccccccccc', 'm0000004-0000-0000-0000-000000000004', 4, CURRENT_TIMESTAMP),
('mp000005-0000-0000-0000-000000000005', 'cccccccc-cccc-cccc-cccc-cccccccccccc', 'm0000005-0000-0000-0000-000000000005', 5, CURRENT_TIMESTAMP),
('mp000006-0000-0000-0000-000000000006', 'cccccccc-cccc-cccc-cccc-cccccccccccc', 'm0000006-0000-0000-0000-000000000006', 6, CURRENT_TIMESTAMP),
('mp000007-0000-0000-0000-000000000007', 'cccccccc-cccc-cccc-cccc-cccccccccccc', 'm0000007-0000-0000-0000-000000000007', 7, CURRENT_TIMESTAMP),
('mp000008-0000-0000-0000-000000000008', 'cccccccc-cccc-cccc-cccc-cccccccccccc', 'm0000008-0000-0000-0000-000000000008', 8, CURRENT_TIMESTAMP),
('mp000009-0000-0000-0000-000000000009', 'cccccccc-cccc-cccc-cccc-cccccccccccc', 'm0000009-0000-0000-0000-000000000009', 9, CURRENT_TIMESTAMP),
('mp000010-0000-0000-0000-000000000010', 'cccccccc-cccc-cccc-cccc-cccccccccccc', 'm0000010-0000-0000-0000-000000000010', 10, CURRENT_TIMESTAMP),
('mp000011-0000-0000-0000-000000000011', 'cccccccc-cccc-cccc-cccc-cccccccccccc', 'm0000011-0000-0000-0000-000000000011', 11, CURRENT_TIMESTAMP),
('mp000012-0000-0000-0000-000000000012', 'cccccccc-cccc-cccc-cccc-cccccccccccc', 'm0000012-0000-0000-0000-000000000012', 12, CURRENT_TIMESTAMP),
('mp000013-0000-0000-0000-000000000013', 'cccccccc-cccc-cccc-cccc-cccccccccccc', 'm0000013-0000-0000-0000-000000000013', 13, CURRENT_TIMESTAMP),
('mp000014-0000-0000-0000-000000000014', 'cccccccc-cccc-cccc-cccc-cccccccccccc', 'm0000014-0000-0000-0000-000000000014', 14, CURRENT_TIMESTAMP),
('mp000015-0000-0000-0000-000000000015', 'cccccccc-cccc-cccc-cccc-cccccccccccc', 'm0000015-0000-0000-0000-000000000015', 15, CURRENT_TIMESTAMP),
('mp000016-0000-0000-0000-000000000016', 'cccccccc-cccc-cccc-cccc-cccccccccccc', 'm0000016-0000-0000-0000-000000000016', 16, CURRENT_TIMESTAMP),
('mp000017-0000-0000-0000-000000000017', 'cccccccc-cccc-cccc-cccc-cccccccccccc', 'm0000017-0000-0000-0000-000000000017', 17, CURRENT_TIMESTAMP),
('mp000018-0000-0000-0000-000000000018', 'cccccccc-cccc-cccc-cccc-cccccccccccc', 'm0000018-0000-0000-0000-000000000018', 18, CURRENT_TIMESTAMP),
('mp000019-0000-0000-0000-000000000019', 'cccccccc-cccc-cccc-cccc-cccccccccccc', 'm0000019-0000-0000-0000-000000000019', 19, CURRENT_TIMESTAMP),
('mp000020-0000-0000-0000-000000000020', 'cccccccc-cccc-cccc-cccc-cccccccccccc', 'm0000020-0000-0000-0000-000000000020', 20, CURRENT_TIMESTAMP),
('mp000021-0000-0000-0000-000000000021', 'cccccccc-cccc-cccc-cccc-cccccccccccc', 'm0000021-0000-0000-0000-000000000021', 21, CURRENT_TIMESTAMP),
('mp000022-0000-0000-0000-000000000022', 'cccccccc-cccc-cccc-cccc-cccccccccccc', 'm0000022-0000-0000-0000-000000000022', 22, CURRENT_TIMESTAMP),
('mp000023-0000-0000-0000-000000000023', 'cccccccc-cccc-cccc-cccc-cccccccccccc', 'm0000023-0000-0000-0000-000000000023', 23, CURRENT_TIMESTAMP),
('mp000024-0000-0000-0000-000000000024', 'cccccccc-cccc-cccc-cccc-cccccccccccc', 'm0000024-0000-0000-0000-000000000024', 24, CURRENT_TIMESTAMP),
('mp000025-0000-0000-0000-000000000025', 'cccccccc-cccc-cccc-cccc-cccccccccccc', 'm0000025-0000-0000-0000-000000000025', 25, CURRENT_TIMESTAMP),
('mp000026-0000-0000-0000-000000000026', 'cccccccc-cccc-cccc-cccc-cccccccccccc', 'm0000026-0000-0000-0000-000000000026', 26, CURRENT_TIMESTAMP),
('mp000027-0000-0000-0000-000000000027', 'cccccccc-cccc-cccc-cccc-cccccccccccc', 'm0000027-0000-0000-0000-000000000027', 27, CURRENT_TIMESTAMP),
('mp000028-0000-0000-0000-000000000028', 'cccccccc-cccc-cccc-cccc-cccccccccccc', 'm0000028-0000-0000-0000-000000000028', 28, CURRENT_TIMESTAMP),
('mp000029-0000-0000-0000-000000000029', 'cccccccc-cccc-cccc-cccc-cccccccccccc', 'm0000029-0000-0000-0000-000000000029', 29, CURRENT_TIMESTAMP),
('mp000030-0000-0000-0000-000000000030', 'cccccccc-cccc-cccc-cccc-cccccccccccc', 'm0000030-0000-0000-0000-000000000030', 30, CURRENT_TIMESTAMP),
('mp000031-0000-0000-0000-000000000031', 'cccccccc-cccc-cccc-cccc-cccccccccccc', 'm0000031-0000-0000-0000-000000000031', 31, CURRENT_TIMESTAMP),
('mp000032-0000-0000-0000-000000000032', 'cccccccc-cccc-cccc-cccc-cccccccccccc', 'm0000032-0000-0000-0000-000000000032', 32, CURRENT_TIMESTAMP),
('mp000033-0000-0000-0000-000000000033', 'cccccccc-cccc-cccc-cccc-cccccccccccc', 'm0000033-0000-0000-0000-000000000033', 33, CURRENT_TIMESTAMP),
('mp000034-0000-0000-0000-000000000034', 'cccccccc-cccc-cccc-cccc-cccccccccccc', 'm0000034-0000-0000-0000-000000000034', 34, CURRENT_TIMESTAMP),
('mp000035-0000-0000-0000-000000000035', 'cccccccc-cccc-cccc-cccc-cccccccccccc', 'm0000035-0000-0000-0000-000000000035', 35, CURRENT_TIMESTAMP),
('mp000036-0000-0000-0000-000000000036', 'cccccccc-cccc-cccc-cccc-cccccccccccc', 'm0000036-0000-0000-0000-000000000036', 36, CURRENT_TIMESTAMP),
('mp000037-0000-0000-0000-000000000037', 'cccccccc-cccc-cccc-cccc-cccccccccccc', 'm0000037-0000-0000-0000-000000000037', 37, CURRENT_TIMESTAMP),
('mp000038-0000-0000-0000-000000000038', 'cccccccc-cccc-cccc-cccc-cccccccccccc', 'm0000038-0000-0000-0000-000000000038', 38, CURRENT_TIMESTAMP),
('mp000039-0000-0000-0000-000000000039', 'cccccccc-cccc-cccc-cccc-cccccccccccc', 'm0000039-0000-0000-0000-000000000039', 39, CURRENT_TIMESTAMP),
('mp000040-0000-0000-0000-000000000040', 'cccccccc-cccc-cccc-cccc-cccccccccccc', 'm0000040-0000-0000-0000-000000000040', 40, CURRENT_TIMESTAMP),
('mp000041-0000-0000-0000-000000000041', 'cccccccc-cccc-cccc-cccc-cccccccccccc', 'm0000041-0000-0000-0000-000000000041', 41, CURRENT_TIMESTAMP),
('mp000042-0000-0000-0000-000000000042', 'cccccccc-cccc-cccc-cccc-cccccccccccc', 'm0000042-0000-0000-0000-000000000042', 42, CURRENT_TIMESTAMP),
('mp000043-0000-0000-0000-000000000043', 'cccccccc-cccc-cccc-cccc-cccccccccccc', 'm0000043-0000-0000-0000-000000000043', 43, CURRENT_TIMESTAMP),
('mp000044-0000-0000-0000-000000000044', 'cccccccc-cccc-cccc-cccc-cccccccccccc', 'm0000044-0000-0000-0000-000000000044', 44, CURRENT_TIMESTAMP),
('mp000045-0000-0000-0000-000000000045', 'cccccccc-cccc-cccc-cccc-cccccccccccc', 'm0000045-0000-0000-0000-000000000045', 45, CURRENT_TIMESTAMP),
('mp000046-0000-0000-0000-000000000046', 'cccccccc-cccc-cccc-cccc-cccccccccccc', 'm0000046-0000-0000-0000-000000000046', 46, CURRENT_TIMESTAMP),
('mp000047-0000-0000-0000-000000000047', 'cccccccc-cccc-cccc-cccc-cccccccccccc', 'm0000047-0000-0000-0000-000000000047', 47, CURRENT_TIMESTAMP),
('mp000048-0000-0000-0000-000000000048', 'cccccccc-cccc-cccc-cccc-cccccccccccc', 'm0000048-0000-0000-0000-000000000048', 48, CURRENT_TIMESTAMP),
('mp000049-0000-0000-0000-000000000049', 'cccccccc-cccc-cccc-cccc-cccccccccccc', 'm0000049-0000-0000-0000-000000000049', 49, CURRENT_TIMESTAMP);

-- Teddy (49 joueurs)
INSERT INTO team_players (id, team_id, player_id, position, added_at) VALUES
('tp000001-0000-0000-0000-000000000001', 'bbbbbbbb-bbbb-bbbb-bbbb-bbbbbbbbbbbb', 't0000001-0000-0000-0000-000000000001', 1, CURRENT_TIMESTAMP),
('tp000002-0000-0000-0000-000000000002', 'bbbbbbbb-bbbb-bbbb-bbbb-bbbbbbbbbbbb', 't0000002-0000-0000-0000-000000000002', 2, CURRENT_TIMESTAMP),
('tp000003-0000-0000-0000-000000000003', 'bbbbbbbb-bbbb-bbbb-bbbb-bbbbbbbbbbbb', 't0000003-0000-0000-0000-000000000003', 3, CURRENT_TIMESTAMP),
('tp000004-0000-0000-0000-000000000004', 'bbbbbbbb-bbbb-bbbb-bbbb-bbbbbbbbbbbb', 't0000004-0000-0000-0000-000000000004', 4, CURRENT_TIMESTAMP),
('tp000005-0000-0000-0000-000000000005', 'bbbbbbbb-bbbb-bbbb-bbbb-bbbbbbbbbbbb', 't0000005-0000-0000-0000-000000000005', 5, CURRENT_TIMESTAMP),
('tp000006-0000-0000-0000-000000000006', 'bbbbbbbb-bbbb-bbbb-bbbb-bbbbbbbbbbbb', 't0000006-0000-0000-0000-000000000006', 6, CURRENT_TIMESTAMP),
('tp000007-0000-0000-0000-000000000007', 'bbbbbbbb-bbbb-bbbb-bbbb-bbbbbbbbbbbb', 't0000007-0000-0000-0000-000000000007', 7, CURRENT_TIMESTAMP),
('tp000008-0000-0000-0000-000000000008', 'bbbbbbbb-bbbb-bbbb-bbbb-bbbbbbbbbbbb', 't0000008-0000-0000-0000-000000000008', 8, CURRENT_TIMESTAMP),
('tp000009-0000-0000-0000-000000000009', 'bbbbbbbb-bbbb-bbbb-bbbb-bbbbbbbbbbbb', 't0000009-0000-0000-0000-000000000009', 9, CURRENT_TIMESTAMP),
('tp000010-0000-0000-0000-000000000010', 'bbbbbbbb-bbbb-bbbb-bbbb-bbbbbbbbbbbb', 't0000010-0000-0000-0000-000000000010', 10, CURRENT_TIMESTAMP),
('tp000011-0000-0000-0000-000000000011', 'bbbbbbbb-bbbb-bbbb-bbbb-bbbbbbbbbbbb', 't0000011-0000-0000-0000-000000000011', 11, CURRENT_TIMESTAMP),
('tp000012-0000-0000-0000-000000000012', 'bbbbbbbb-bbbb-bbbb-bbbb-bbbbbbbbbbbb', 't0000012-0000-0000-0000-000000000012', 12, CURRENT_TIMESTAMP),
('tp000013-0000-0000-0000-000000000013', 'bbbbbbbb-bbbb-bbbb-bbbb-bbbbbbbbbbbb', 't0000013-0000-0000-0000-000000000013', 13, CURRENT_TIMESTAMP),
('tp000014-0000-0000-0000-000000000014', 'bbbbbbbb-bbbb-bbbb-bbbb-bbbbbbbbbbbb', 't0000014-0000-0000-0000-000000000014', 14, CURRENT_TIMESTAMP),
('tp000015-0000-0000-0000-000000000015', 'bbbbbbbb-bbbb-bbbb-bbbb-bbbbbbbbbbbb', 't0000015-0000-0000-0000-000000000015', 15, CURRENT_TIMESTAMP),
('tp000016-0000-0000-0000-000000000016', 'bbbbbbbb-bbbb-bbbb-bbbb-bbbbbbbbbbbb', 't0000016-0000-0000-0000-000000000016', 16, CURRENT_TIMESTAMP),
('tp000017-0000-0000-0000-000000000017', 'bbbbbbbb-bbbb-bbbb-bbbb-bbbbbbbbbbbb', 't0000017-0000-0000-0000-000000000017', 17, CURRENT_TIMESTAMP),
('tp000018-0000-0000-0000-000000000018', 'bbbbbbbb-bbbb-bbbb-bbbb-bbbbbbbbbbbb', 't0000018-0000-0000-0000-000000000018', 18, CURRENT_TIMESTAMP),
('tp000019-0000-0000-0000-000000000019', 'bbbbbbbb-bbbb-bbbb-bbbb-bbbbbbbbbbbb', 't0000019-0000-0000-0000-000000000019', 19, CURRENT_TIMESTAMP),
('tp000020-0000-0000-0000-000000000020', 'bbbbbbbb-bbbb-bbbb-bbbb-bbbbbbbbbbbb', 't0000020-0000-0000-0000-000000000020', 20, CURRENT_TIMESTAMP),
('tp000021-0000-0000-0000-000000000021', 'bbbbbbbb-bbbb-bbbb-bbbb-bbbbbbbbbbbb', 't0000021-0000-0000-0000-000000000021', 21, CURRENT_TIMESTAMP),
('tp000022-0000-0000-0000-000000000022', 'bbbbbbbb-bbbb-bbbb-bbbb-bbbbbbbbbbbb', 't0000022-0000-0000-0000-000000000022', 22, CURRENT_TIMESTAMP),
('tp000023-0000-0000-0000-000000000023', 'bbbbbbbb-bbbb-bbbb-bbbb-bbbbbbbbbbbb', 't0000023-0000-0000-0000-000000000023', 23, CURRENT_TIMESTAMP),
('tp000024-0000-0000-0000-000000000024', 'bbbbbbbb-bbbb-bbbb-bbbb-bbbbbbbbbbbb', 't0000024-0000-0000-0000-000000000024', 24, CURRENT_TIMESTAMP),
('tp000025-0000-0000-0000-000000000025', 'bbbbbbbb-bbbb-bbbb-bbbb-bbbbbbbbbbbb', 't0000025-0000-0000-0000-000000000025', 25, CURRENT_TIMESTAMP),
('tp000026-0000-0000-0000-000000000026', 'bbbbbbbb-bbbb-bbbb-bbbb-bbbbbbbbbbbb', 't0000026-0000-0000-0000-000000000026', 26, CURRENT_TIMESTAMP),
('tp000027-0000-0000-0000-000000000027', 'bbbbbbbb-bbbb-bbbb-bbbb-bbbbbbbbbbbb', 't0000027-0000-0000-0000-000000000027', 27, CURRENT_TIMESTAMP),
('tp000028-0000-0000-0000-000000000028', 'bbbbbbbb-bbbb-bbbb-bbbb-bbbbbbbbbbbb', 't0000028-0000-0000-0000-000000000028', 28, CURRENT_TIMESTAMP),
('tp000029-0000-0000-0000-000000000029', 'bbbbbbbb-bbbb-bbbb-bbbb-bbbbbbbbbbbb', 't0000029-0000-0000-0000-000000000029', 29, CURRENT_TIMESTAMP),
('tp000030-0000-0000-0000-000000000030', 'bbbbbbbb-bbbb-bbbb-bbbb-bbbbbbbbbbbb', 't0000030-0000-0000-0000-000000000030', 30, CURRENT_TIMESTAMP),
('tp000031-0000-0000-0000-000000000031', 'bbbbbbbb-bbbb-bbbb-bbbb-bbbbbbbbbbbb', 't0000031-0000-0000-0000-000000000031', 31, CURRENT_TIMESTAMP),
('tp000032-0000-0000-0000-000000000032', 'bbbbbbbb-bbbb-bbbb-bbbb-bbbbbbbbbbbb', 't0000032-0000-0000-0000-000000000032', 32, CURRENT_TIMESTAMP),
('tp000033-0000-0000-0000-000000000033', 'bbbbbbbb-bbbb-bbbb-bbbb-bbbbbbbbbbbb', 't0000033-0000-0000-0000-000000000033', 33, CURRENT_TIMESTAMP),
('tp000034-0000-0000-0000-000000000034', 'bbbbbbbb-bbbb-bbbb-bbbb-bbbbbbbbbbbb', 't0000034-0000-0000-0000-000000000034', 34, CURRENT_TIMESTAMP),
('tp000035-0000-0000-0000-000000000035', 'bbbbbbbb-bbbb-bbbb-bbbb-bbbbbbbbbbbb', 't0000035-0000-0000-0000-000000000035', 35, CURRENT_TIMESTAMP),
('tp000036-0000-0000-0000-000000000036', 'bbbbbbbb-bbbb-bbbb-bbbb-bbbbbbbbbbbb', 't0000036-0000-0000-0000-000000000036', 36, CURRENT_TIMESTAMP),
('tp000037-0000-0000-0000-000000000037', 'bbbbbbbb-bbbb-bbbb-bbbb-bbbbbbbbbbbb', 't0000037-0000-0000-0000-000000000037', 37, CURRENT_TIMESTAMP),
('tp000038-0000-0000-0000-000000000038', 'bbbbbbbb-bbbb-bbbb-bbbb-bbbbbbbbbbbb', 't0000038-0000-0000-0000-000000000038', 38, CURRENT_TIMESTAMP),
('tp000039-0000-0000-0000-000000000039', 'bbbbbbbb-bbbb-bbbb-bbbb-bbbbbbbbbbbb', 't0000039-0000-0000-0000-000000000039', 39, CURRENT_TIMESTAMP),
('tp000040-0000-0000-0000-000000000040', 'bbbbbbbb-bbbb-bbbb-bbbb-bbbbbbbbbbbb', 't0000040-0000-0000-0000-000000000040', 40, CURRENT_TIMESTAMP),
('tp000041-0000-0000-0000-000000000041', 'bbbbbbbb-bbbb-bbbb-bbbb-bbbbbbbbbbbb', 't0000041-0000-0000-0000-000000000041', 41, CURRENT_TIMESTAMP),
('tp000042-0000-0000-0000-000000000042', 'bbbbbbbb-bbbb-bbbb-bbbb-bbbbbbbbbbbb', 't0000042-0000-0000-0000-000000000042', 42, CURRENT_TIMESTAMP),
('tp000043-0000-0000-0000-000000000043', 'bbbbbbbb-bbbb-bbbb-bbbb-bbbbbbbbbbbb', 't0000043-0000-0000-0000-000000000043', 43, CURRENT_TIMESTAMP),
('tp000044-0000-0000-0000-000000000044', 'bbbbbbbb-bbbb-bbbb-bbbb-bbbbbbbbbbbb', 't0000044-0000-0000-0000-000000000044', 44, CURRENT_TIMESTAMP),
('tp000045-0000-0000-0000-000000000045', 'bbbbbbbb-bbbb-bbbb-bbbb-bbbbbbbbbbbb', 't0000045-0000-0000-0000-000000000045', 45, CURRENT_TIMESTAMP),
('tp000046-0000-0000-0000-000000000046', 'bbbbbbbb-bbbb-bbbb-bbbb-bbbbbbbbbbbb', 't0000046-0000-0000-0000-000000000046', 46, CURRENT_TIMESTAMP),
('tp000047-0000-0000-0000-000000000047', 'bbbbbbbb-bbbb-bbbb-bbbb-bbbbbbbbbbbb', 't0000047-0000-0000-0000-000000000047', 47, CURRENT_TIMESTAMP),
('tp000048-0000-0000-0000-000000000048', 'bbbbbbbb-bbbb-bbbb-bbbb-bbbbbbbbbbbb', 't0000048-0000-0000-0000-000000000048', 48, CURRENT_TIMESTAMP),
('tp000049-0000-0000-0000-000000000049', 'bbbbbbbb-bbbb-bbbb-bbbb-bbbbbbbbbbbb', 't0000049-0000-0000-0000-000000000049', 49, CURRENT_TIMESTAMP);

-- Thibaut (49 joueurs)
INSERT INTO team_players (id, team_id, player_id, position, added_at) VALUES
('hp000001-0000-0000-0000-000000000001', 'aaaaaaaa-aaaa-aaaa-aaaa-aaaaaaaaaaaa', 'h0000001-0000-0000-0000-000000000001', 1, CURRENT_TIMESTAMP),
('hp000002-0000-0000-0000-000000000002', 'aaaaaaaa-aaaa-aaaa-aaaa-aaaaaaaaaaaa', 'h0000002-0000-0000-0000-000000000002', 2, CURRENT_TIMESTAMP),
('hp000003-0000-0000-0000-000000000003', 'aaaaaaaa-aaaa-aaaa-aaaa-aaaaaaaaaaaa', 'h0000003-0000-0000-0000-000000000003', 3, CURRENT_TIMESTAMP),
('hp000004-0000-0000-0000-000000000004', 'aaaaaaaa-aaaa-aaaa-aaaa-aaaaaaaaaaaa', 'h0000004-0000-0000-0000-000000000004', 4, CURRENT_TIMESTAMP),
('hp000005-0000-0000-0000-000000000005', 'aaaaaaaa-aaaa-aaaa-aaaa-aaaaaaaaaaaa', 'h0000005-0000-0000-0000-000000000005', 5, CURRENT_TIMESTAMP),
('hp000006-0000-0000-0000-000000000006', 'aaaaaaaa-aaaa-aaaa-aaaa-aaaaaaaaaaaa', 'h0000006-0000-0000-0000-000000000006', 6, CURRENT_TIMESTAMP),
('hp000007-0000-0000-0000-000000000007', 'aaaaaaaa-aaaa-aaaa-aaaa-aaaaaaaaaaaa', 'h0000007-0000-0000-0000-000000000007', 7, CURRENT_TIMESTAMP),
('hp000008-0000-0000-0000-000000000008', 'aaaaaaaa-aaaa-aaaa-aaaa-aaaaaaaaaaaa', 'h0000008-0000-0000-0000-000000000008', 8, CURRENT_TIMESTAMP),
('hp000009-0000-0000-0000-000000000009', 'aaaaaaaa-aaaa-aaaa-aaaa-aaaaaaaaaaaa', 'h0000009-0000-0000-0000-000000000009', 9, CURRENT_TIMESTAMP),
('hp000010-0000-0000-0000-000000000010', 'aaaaaaaa-aaaa-aaaa-aaaa-aaaaaaaaaaaa', 'h0000010-0000-0000-0000-000000000010', 10, CURRENT_TIMESTAMP),
('hp000011-0000-0000-0000-000000000011', 'aaaaaaaa-aaaa-aaaa-aaaa-aaaaaaaaaaaa', 'h0000011-0000-0000-0000-000000000011', 11, CURRENT_TIMESTAMP),
('hp000012-0000-0000-0000-000000000012', 'aaaaaaaa-aaaa-aaaa-aaaa-aaaaaaaaaaaa', 'h0000012-0000-0000-0000-000000000012', 12, CURRENT_TIMESTAMP),
('hp000013-0000-0000-0000-000000000013', 'aaaaaaaa-aaaa-aaaa-aaaa-aaaaaaaaaaaa', 'h0000013-0000-0000-0000-000000000013', 13, CURRENT_TIMESTAMP),
('hp000014-0000-0000-0000-000000000014', 'aaaaaaaa-aaaa-aaaa-aaaa-aaaaaaaaaaaa', 'h0000014-0000-0000-0000-000000000014', 14, CURRENT_TIMESTAMP),
('hp000015-0000-0000-0000-000000000015', 'aaaaaaaa-aaaa-aaaa-aaaa-aaaaaaaaaaaa', 'h0000015-0000-0000-0000-000000000015', 15, CURRENT_TIMESTAMP),
('hp000016-0000-0000-0000-000000000016', 'aaaaaaaa-aaaa-aaaa-aaaa-aaaaaaaaaaaa', 'h0000016-0000-0000-0000-000000000016', 16, CURRENT_TIMESTAMP),
('hp000017-0000-0000-0000-000000000017', 'aaaaaaaa-aaaa-aaaa-aaaa-aaaaaaaaaaaa', 'h0000017-0000-0000-0000-000000000017', 17, CURRENT_TIMESTAMP),
('hp000018-0000-0000-0000-000000000018', 'aaaaaaaa-aaaa-aaaa-aaaa-aaaaaaaaaaaa', 'h0000018-0000-0000-0000-000000000018', 18, CURRENT_TIMESTAMP),
('hp000019-0000-0000-0000-000000000019', 'aaaaaaaa-aaaa-aaaa-aaaa-aaaaaaaaaaaa', 'h0000019-0000-0000-0000-000000000019', 19, CURRENT_TIMESTAMP),
('hp000020-0000-0000-0000-000000000020', 'aaaaaaaa-aaaa-aaaa-aaaa-aaaaaaaaaaaa', 'h0000020-0000-0000-0000-000000000020', 20, CURRENT_TIMESTAMP),
('hp000021-0000-0000-0000-000000000021', 'aaaaaaaa-aaaa-aaaa-aaaa-aaaaaaaaaaaa', 'h0000021-0000-0000-0000-000000000021', 21, CURRENT_TIMESTAMP),
('hp000022-0000-0000-0000-000000000022', 'aaaaaaaa-aaaa-aaaa-aaaa-aaaaaaaaaaaa', 'h0000022-0000-0000-0000-000000000022', 22, CURRENT_TIMESTAMP),
('hp000023-0000-0000-0000-000000000023', 'aaaaaaaa-aaaa-aaaa-aaaa-aaaaaaaaaaaa', 'h0000023-0000-0000-0000-000000000023', 23, CURRENT_TIMESTAMP),
('hp000024-0000-0000-0000-000000000024', 'aaaaaaaa-aaaa-aaaa-aaaa-aaaaaaaaaaaa', 'h0000024-0000-0000-0000-000000000024', 24, CURRENT_TIMESTAMP),
('hp000025-0000-0000-0000-000000000025', 'aaaaaaaa-aaaa-aaaa-aaaa-aaaaaaaaaaaa', 'h0000025-0000-0000-0000-000000000025', 25, CURRENT_TIMESTAMP),
('hp000026-0000-0000-0000-000000000026', 'aaaaaaaa-aaaa-aaaa-aaaa-aaaaaaaaaaaa', 'h0000026-0000-0000-0000-000000000026', 26, CURRENT_TIMESTAMP),
('hp000027-0000-0000-0000-000000000027', 'aaaaaaaa-aaaa-aaaa-aaaa-aaaaaaaaaaaa', 'h0000027-0000-0000-0000-000000000027', 27, CURRENT_TIMESTAMP),
('hp000028-0000-0000-0000-000000000028', 'aaaaaaaa-aaaa-aaaa-aaaa-aaaaaaaaaaaa', 'h0000028-0000-0000-0000-000000000028', 28, CURRENT_TIMESTAMP),
('hp000029-0000-0000-0000-000000000029', 'aaaaaaaa-aaaa-aaaa-aaaa-aaaaaaaaaaaa', 'h0000029-0000-0000-0000-000000000029', 29, CURRENT_TIMESTAMP),
('hp000030-0000-0000-0000-000000000030', 'aaaaaaaa-aaaa-aaaa-aaaa-aaaaaaaaaaaa', 'h0000030-0000-0000-0000-000000000030', 30, CURRENT_TIMESTAMP),
('hp000031-0000-0000-0000-000000000031', 'aaaaaaaa-aaaa-aaaa-aaaa-aaaaaaaaaaaa', 'h0000031-0000-0000-0000-000000000031', 31, CURRENT_TIMESTAMP),
('hp000032-0000-0000-0000-000000000032', 'aaaaaaaa-aaaa-aaaa-aaaa-aaaaaaaaaaaa', 'h0000032-0000-0000-0000-000000000032', 32, CURRENT_TIMESTAMP),
('hp000033-0000-0000-0000-000000000033', 'aaaaaaaa-aaaa-aaaa-aaaa-aaaaaaaaaaaa', 'h0000033-0000-0000-0000-000000000033', 33, CURRENT_TIMESTAMP),
('hp000034-0000-0000-0000-000000000034', 'aaaaaaaa-aaaa-aaaa-aaaa-aaaaaaaaaaaa', 'h0000034-0000-0000-0000-000000000034', 34, CURRENT_TIMESTAMP),
('hp000035-0000-0000-0000-000000000035', 'aaaaaaaa-aaaa-aaaa-aaaa-aaaaaaaaaaaa', 'h0000035-0000-0000-0000-000000000035', 35, CURRENT_TIMESTAMP),
('hp000036-0000-0000-0000-000000000036', 'aaaaaaaa-aaaa-aaaa-aaaa-aaaaaaaaaaaa', 'h0000036-0000-0000-0000-000000000036', 36, CURRENT_TIMESTAMP),
('hp000037-0000-0000-0000-000000000037', 'aaaaaaaa-aaaa-aaaa-aaaa-aaaaaaaaaaaa', 'h0000037-0000-0000-0000-000000000037', 37, CURRENT_TIMESTAMP),
('hp000038-0000-0000-0000-000000000038', 'aaaaaaaa-aaaa-aaaa-aaaa-aaaaaaaaaaaa', 'h0000038-0000-0000-0000-000000000038', 38, CURRENT_TIMESTAMP),
('hp000039-0000-0000-0000-000000000039', 'aaaaaaaa-aaaa-aaaa-aaaa-aaaaaaaaaaaa', 'h0000039-0000-0000-0000-000000000039', 39, CURRENT_TIMESTAMP),
('hp000040-0000-0000-0000-000000000040', 'aaaaaaaa-aaaa-aaaa-aaaa-aaaaaaaaaaaa', 'h0000040-0000-0000-0000-000000000040', 40, CURRENT_TIMESTAMP),
('hp000041-0000-0000-0000-000000000041', 'aaaaaaaa-aaaa-aaaa-aaaa-aaaaaaaaaaaa', 'h0000041-0000-0000-0000-000000000041', 41, CURRENT_TIMESTAMP),
('hp000042-0000-0000-0000-000000000042', 'aaaaaaaa-aaaa-aaaa-aaaa-aaaaaaaaaaaa', 'h0000042-0000-0000-0000-000000000042', 42, CURRENT_TIMESTAMP),
('hp000043-0000-0000-0000-000000000043', 'aaaaaaaa-aaaa-aaaa-aaaa-aaaaaaaaaaaa', 'h0000043-0000-0000-0000-000000000043', 43, CURRENT_TIMESTAMP),
('hp000044-0000-0000-0000-000000000044', 'aaaaaaaa-aaaa-aaaa-aaaa-aaaaaaaaaaaa', 'h0000044-0000-0000-0000-000000000044', 44, CURRENT_TIMESTAMP),
('hp000045-0000-0000-0000-000000000045', 'aaaaaaaa-aaaa-aaaa-aaaa-aaaaaaaaaaaa', 'h0000045-0000-0000-0000-000000000045', 45, CURRENT_TIMESTAMP),
('hp000046-0000-0000-0000-000000000046', 'aaaaaaaa-aaaa-aaaa-aaaa-aaaaaaaaaaaa', 'h0000046-0000-0000-0000-000000000046', 46, CURRENT_TIMESTAMP),
('hp000047-0000-0000-0000-000000000047', 'aaaaaaaa-aaaa-aaaa-aaaa-aaaaaaaaaaaa', 'h0000047-0000-0000-0000-000000000047', 47, CURRENT_TIMESTAMP),
('hp000048-0000-0000-0000-000000000048', 'aaaaaaaa-aaaa-aaaa-aaaa-aaaaaaaaaaaa', 'h0000048-0000-0000-0000-000000000048', 48, CURRENT_TIMESTAMP),
('hp000049-0000-0000-0000-000000000049', 'aaaaaaaa-aaaa-aaaa-aaaa-aaaaaaaaaaaa', 'h0000049-0000-0000-0000-000000000049', 49, CURRENT_TIMESTAMP);

-- ÉTAPE 6: Créer une game avec les 3 utilisateurs (Thibaut, Teddy, Marcel)
INSERT INTO games (id, name, description, creator_id, max_participants, status, created_at, invitation_code) VALUES
('99999999-9999-9999-9999-999999999999', 'Game Principale - Thibaut vs Teddy vs Marcel', 'Game principale avec les données du CSV', '11111111-1111-1111-1111-111111111111', 10, 'ACTIVE', CURRENT_TIMESTAMP, 'MAIN001');

-- ÉTAPE 7: Ajouter les participants à la game (tous sauf Sarah)
INSERT INTO game_participants (id, game_id, user_id, draft_order, last_selection_time) VALUES
('gp111111-1111-1111-1111-111111111111', '99999999-9999-9999-9999-999999999999', '11111111-1111-1111-1111-111111111111', 1, CURRENT_TIMESTAMP), -- Thibaut
('gp333333-3333-3333-3333-333333333333', '99999999-9999-9999-9999-999999999999', '33333333-3333-3333-3333-333333333333', 2, CURRENT_TIMESTAMP), -- Teddy
('gp444444-4444-4444-4444-444444444444', '99999999-9999-9999-9999-999999999999', '44444444-4444-4444-4444-444444444444', 3, CURRENT_TIMESTAMP); -- Marcel

-- ÉTAPE 8: Ajouter des règles régionales pour la game
INSERT INTO game_region_rules (id, game_id, region, max_players) VALUES
('rr111111-1111-1111-1111-111111111111', '99999999-9999-9999-9999-999999999999', 'EU', 15),
('rr222222-2222-2222-2222-222222222222', '99999999-9999-9999-9999-999999999999', 'NAC', 15),
('rr333333-3333-3333-3333-333333333333', '99999999-9999-9999-9999-999999999999', 'BR', 15),
('rr444444-4444-4444-4444-444444444444', '99999999-9999-9999-9999-999999999999', 'ASIA', 15),
('rr555555-5555-5555-5555-555555555555', '99999999-9999-9999-9999-999999999999', 'OCE', 15),
('rr666666-6666-6666-6666-666666666666', '99999999-9999-9999-9999-999999999999', 'NAW', 15),
('rr777777-7777-7777-7777-777777777777', '99999999-9999-9999-9999-999999999999', 'ME', 15);

-- Mise à jour des scores des équipes en calculant la somme des scores des joueurs depuis le CSV (exemples)
-- Marcel: moyenne de ses 49 joueurs ~ 75000 points totaux
UPDATE teams SET total_score = 75000 WHERE id = 'cccccccc-cccc-cccc-cccc-cccccccccccc';

-- Teddy: moyenne de ses 49 joueurs ~ 80000 points totaux 
UPDATE teams SET total_score = 80000 WHERE id = 'bbbbbbbb-bbbb-bbbb-bbbb-bbbbbbbbbbbb';

-- Thibaut: moyenne de ses 49 joueurs ~ 77000 points totaux
UPDATE teams SET total_score = 77000 WHERE id = 'aaaaaaaa-aaaa-aaaa-aaaa-aaaaaaaaaaaa';

-- Résumé de la migration V15:
-- ✅ 4 utilisateurs créés: Thibaut, Sarah, Teddy, Marcel (IDs fixes)
-- ✅ 3 équipes créées (Sarah n'en a pas)
-- ✅ 147 joueurs du CSV répartis selon les pronostiqueurs
-- ✅ Liaisons team_players complètes
-- ✅ 1 game active avec Thibaut, Teddy et Marcel (Sarah exclue)
-- ✅ Règles régionales configurées
-- ✅ Scores d'équipe calculés